TxNr;Betrag;ZeitLetzteTx;EntfernungClusterzentrum;EntfernungnaechstesGeraet;letzteHandyEntsperrung;Alter;5311;5411;5541;5812;5912;7995;6012;5813;4111;7011;;;
UseCase100000000;22,5;10;14;16;5;20;0;0;1;0;0;0;0;0;0;0;;;
UseCase200000000;280,7;10;102;20;30;20;0;0;0;0;0;0;0;1;0;0;;;
UseCase300000000;80,4;30;218;2060;100;20;0;1;0;0;0;0;0;0;0;0;;;
LiveDemo00000000;1;1;1;1;1;20;0;1;0;0;0;0;0;0;0;0;;;
TX20250705000001;73,94;62;15;8;121;63;0;0;0;0;0;0;0;0;1;0;;;
TX20250704000002;89,65;28;15;2;44;23;0;0;0;0;0;1;0;0;0;0;;;
TX20250704000003;10,89;65;3;3;87;75;0;0;0;1;0;0;0;0;0;0;;;
TX20250705000004;89,65;18;12;2;108;20;1;0;0;0;0;0;0;0;0;0;;;
TX20250705000005;73,94;69;10;7;78;35;0;0;0;0;0;1;0;0;0;0;;;
TX20250704000006;90,73;59;4;10;65;31;0;0;0;0;0;1;0;0;0;0;;;
TX20250705000007;30,45;74;7;8;27;24;1;0;0;0;0;0;0;0;0;0;;;
TX20250705000008;90,73;50;10;7;107;20;0;0;0;0;0;1;0;0;0;0;;;
TX20250704000009;21,76;10;2;3;128;20;0;0;0;0;0;1;0;0;0;0;;;
TX20250704000010;63,77;53;11;7;130;20;0;0;1;0;0;0;0;0;0;0;;;
TX20250705000011;63,77;55;9;1;94;20;0;0;0;0;0;1;0;0;0;0;;;
TX20250704000012;30,45;24;2;3;8;63;0;0;0;0;0;1;0;0;0;0;;;
TX20250705000013;10,89;24;7;4;20;23;1;0;0;0;0;0;0;0;0;0;;;
TX20250705000014;10,89;74;15;4;15;75;0;0;0;0;0;1;0;0;0;0;;;
TX20250705000015;21,76;39;3;10;69;20;0;1;0;0;0;0;0;0;0;0;;;
TX20250705000016;73,94;76;14;3;120;35;1;0;0;0;0;0;0;0;0;0;;;
TX20250705000017;9,3;78;18;2;116;31;0;1;0;0;0;0;0;0;0;0;;;
TX20250704000018;21,76;70;4;9;32;20;0;1;0;0;0;0;0;0;0;0;;;
TX20250704000019;10,89;75;19;5;118;20;0;1;0;0;0;0;0;0;0;0;;;
TX20250705000020;90,73;25;19;6;79;20;0;0;0;0;0;1;0;0;0;0;;;
TX20250705000021;10,89;23;108;5;97;20;0;1;0;0;0;0;0;0;0;0;;;
TX20250705000022;10,89;24;19;5;65;63;0;1;0;0;0;0;0;0;0;0;;;
TX20250630000001;89,93;56;14;14;69;23;0;0;0;0;0;1;0;0;0;0;;;
TX20250630000002;6,85;16;8;6;32;75;0;0;0;0;0;0;0;0;1;0;;;
TX20250627000003;10,27;24;11;10;21;20;0;0;0;0;0;0;0;0;1;0;;;
TX20250630000004;28,89;69;1;3;29;35;0;0;0;0;0;1;0;0;0;0;;;
TX20250623000005;49,2;41;8;14;29;31;0;1;0;0;0;0;0;0;0;0;;;
TX20250701000006;54,64;57;15;2;147;24;0;0;1;0;0;0;0;0;0;0;;;
TX20250703000007;74,98;79;2;5;144;20;1;0;0;0;0;0;0;0;0;0;;;
TX20250702000008;43,65;57;6;6;61;20;0;1;0;0;0;0;0;0;0;0;;;
TX20250628000009;32,1;63;17;11;95;20;0;0;0;0;0;1;0;0;0;0;;;
TX20250703000010;18,44;47;9;11;75;20;0;1;0;0;0;0;0;0;0;0;;;
TX20250627000011;91,14;15;5;15;100;63;0;0;0;0;0;1;0;0;0;0;;;
TX20250628000012;9,73;80;14;8;50;23;0;1;0;0;0;0;0;0;0;0;;;
TX20250625000013;92,8;15;19;7;125;75;0;1;0;0;0;0;0;0;0;0;;;
TX20250623000014;66,29;47;15;11;148;20;0;0;0;0;0;0;0;0;1;0;;;
TX20250625000015;25,84;38;16;2;145;35;0;0;0;0;0;1;0;0;0;0;;;
TX20250630000016;14,51;40;7;10;52;31;0;0;0;1;0;0;0;0;0;0;;;
TX20250627000017;64,4;38;9;3;57;20;0;1;0;0;0;0;0;0;0;0;;;
TX20250625000018;45,72;12;12;8;63;20;0;1;0;0;0;0;0;0;0;0;;;
TX20250702000019;81,3;53;11;14;47;20;0;0;1;0;0;0;0;0;0;0;;;
TX20250701000020;27,37;27;4;2;101;20;0;0;1;0;0;0;0;0;0;0;;;
TX20250624000021;50,79;25;7;7;14;63;0;0;0;0;0;0;0;0;1;0;;;
TX20250623000022;37,91;68;6;9;118;23;0;0;0;0;0;1;0;0;0;0;;;
TX20250703000023;61,88;18;7;12;134;75;0;0;1;0;0;0;0;0;0;0;;;
TX20250703000024;73,21;61;4;14;72;20;0;0;0;0;0;1;0;0;0;0;;;
TX20250627000025;59,48;14;3;8;124;35;0;1;0;0;0;0;0;0;0;0;;;
TX20250702000026;15,19;13;4;3;76;31;0;0;0;0;0;1;0;0;0;0;;;
TX20250624000027;10,01;30;3;3;106;24;0;0;0;1;0;0;0;0;0;0;;;
TX20250625000028;95,65;63;4;7;24;20;0;0;0;0;0;0;0;0;1;0;;;
TX20250629000029;68,04;80;9;8;42;20;0;1;0;0;0;0;0;0;0;0;;;
TX20250627000030;28,52;55;7;4;87;20;0;1;0;0;0;0;0;0;0;0;;;
TX20250624000031;14,76;40;4;1;111;20;1;0;0;0;0;0;0;0;0;0;;;
TX20250630000032;22,67;21;14;12;86;63;0;1;0;0;0;0;0;0;0;0;;;
TX20250628000033;89,11;12;8;7;112;23;0;0;0;0;0;1;0;0;0;0;;;
TX20250629000034;11,33;38;3;3;99;75;0;0;0;0;0;1;0;0;0;0;;;
TX20250701000035;26,84;18;5;4;86;20;0;1;0;0;0;0;0;0;0;0;;;
TX20250703000036;53,2;10;6;8;99;35;0;0;0;0;0;0;0;0;1;0;;;
TX20250629000037;8,47;56;3;3;58;31;0;0;0;1;0;0;0;0;0;0;;;
TX20250626000038;47,69;64;7;4;74;20;0;1;0;0;0;0;0;0;0;0;;;
TX20250703000039;37,94;51;8;10;111;20;0;1;0;0;0;0;0;0;0;0;;;
TX20250628000040;13,28;17;4;2;22;20;1;0;0;0;0;0;0;0;0;0;;;
TX20250624000041;10,02;47;3;4;131;20;0;0;0;0;0;1;0;0;0;0;;;
TX20250627000042;12,57;15;4;2;67;63;0;0;0;0;0;1;0;0;0;0;;;
TX20250629000043;84,39;65;8;12;85;23;0;0;0;0;0;0;0;0;1;0;;;
TX20250702000044;24,77;27;3;1;136;75;1;0;0;0;0;0;0;0;0;0;;;
TX20250630000045;17,01;36;1;3;144;20;0;0;0;1;0;0;0;0;0;0;;;
TX20250626000046;38,24;17;6;5;137;35;0;0;1;0;0;0;0;0;0;0;;;
TX20250623000047;91,9;78;2;2;82;31;0;0;0;0;0;1;0;0;0;0;;;
TX20250626000048;41,63;48;11;7;62;24;0;0;1;0;0;0;0;0;0;0;;;
TX20250701000049;13,33;40;3;3;65;20;0;0;0;1;0;0;0;0;0;0;;;
TX20250624000050;47,89;26;7;6;91;20;0;0;0;0;0;0;0;0;1;0;;;
TX20250701000087;63,77;44;11;7;127;20;0;0;0;0;0;0;0;1;0;0;;;
